sha1,sum_bytes,relpath
56e9c1e0ef142e86581391027e349599a49affa8,661,src/Resources/Settings/Settings.json
3ce66e1ce04b83ec5a658584cef2dd71728fb6d4,929,src/Resources/payloads/README.md
138c9d3184499b06002c89febc44490245eda03c,856,src/Resources/payloads/dump_mem/dump_mem
1c64b2e8099494488d0aac0f082f9b4e532c65d5,512,src/Resources/payloads/dump_mem/dump_mem.bin
53f2ab20970ee57956bc970ed9138fad5901b3ab,1466,src/Resources/payloads/dump_mem/dump_mem.ihex
373d78d372bb945b5411c3e864f7623d36f682d7,944,src/Resources/payloads/hello_loop/hello_loop
517332da58e35c92da958d0357064fe7a1f779ec,600,src/Resources/payloads/hello_loop/hello_loop.bin
c0be1597e3c081582eee7c9e100748c87fa44671,1707,src/Resources/payloads/hello_loop/hello_loop.ihex
06bb2126a292304eb47913caab88239fccad8887,68,src/Resources/payloads/hello_world/hello_world.bin
95ac83c149679946e608aaf0f05236b73e1e81cf,292,src/Resources/payloads/stager/stager.bin
d73fc73fe57939aecdabdaf5a6eace5c0630fa42,2628,src/Resources/payloads/tic_tac_toe/tic_tac_toe
e79de0e1d5c7bf9118452e766a7b734b78cc3d8a,2284,src/Resources/payloads/tic_tac_toe/tic_tac_toe.bin
ee7b76e48f3d311d49f462a4cfc4aed342a785f9,6453,src/Resources/payloads/tic_tac_toe/tic_tac_toe.ihex
19399aeac709fcaa9e8251901207dad6438ccac0,6886,src/S7_Csharp_Core/S7.Core.Abstractions/Commands/CommandResult.cs
283f08d8637c7ac0f27308a3f20f669fce6119a8,1361,src/S7_Csharp_Core/S7.Core.Abstractions/Commands/ICommand.cs
f8f4d6eb308babbc27c60cc0be6976d649a3b3d0,5766,src/S7_Csharp_Core/S7.Core.Abstractions/Commands/MemoryDumpCommand.cs
74586c229f0ec6a6220701736c436c4e13d3c43c,6176,src/S7_Csharp_Core/S7.Core.Abstractions/Commands/StagerInstallCommand.cs
a4f9d7c0bb51c7fb869f5019f6a646727e8e8eba,1828,src/S7_Csharp_Core/S7.Core.Abstractions/Configuration/CommunicationChannelConfig.cs
7af3351bbcf355a877145855f332d5d4a0ac5078,3767,src/S7_Csharp_Core/S7.Core.Abstractions/Configuration/FactoryConfiguration.cs
5b58110065c7feb2a1fa847c48b39e36c33e7c05,1475,src/S7_Csharp_Core/S7.Core.Abstractions/Configuration/PowerControllerConfig.cs
6220c750999db431cb6adf0c38ffb5c2a0284c8b,7918,src/S7_Csharp_Core/S7.Core.Abstractions/Configuration/ProviderConfiguration.cs
b539ab23be43528935e571d6148cad1a9d47b6f7,2024,src/S7_Csharp_Core/S7.Core.Abstractions/Factories/IAbstractFactory.cs
60115c8fa287b8de8a94c221109f01b13388e5dd,1421,src/S7_Csharp_Core/S7.Core.Abstractions/Factories/IRepositoryFactory.cs
9a2488a45facc32b4900ebe83b23067a7784d394,7218,src/S7_Csharp_Core/S7.Core.Abstractions/Providers/IProviderFactory.cs
ee0d3fbafaee65944dc7a9ef33952f3f85596405,9085,src/S7_Csharp_Core/S7.Core.Abstractions/Providers/IProviderRegistry.cs
6bedb8ece4557afbd059a03a8854245b79f7fd7b,6121,src/S7_Csharp_Core/S7.Core.Abstractions/Providers/IServiceProvider.cs
11ce892c739102d4169188659357a66a043c2316,6007,src/S7_Csharp_Core/S7.Core.Abstractions/Repositories/IFileRepository.cs
1b565434f1af428b3f6130403973d42128a9c861,8138,src/S7_Csharp_Core/S7.Core.Abstractions/Repositories/IMemoryDumpRepository.cs
3a0f3e4f1cbf8294eba59a90dc96bb3441e0b6e1,4964,src/S7_Csharp_Core/S7.Core.Abstractions/Repositories/IRepository.cs
b870eabb1c8eb618a7d31974327729ca7a6b5fdf,3313,src/S7_Csharp_Core/S7.Core.Abstractions/Repositories/IUnitOfWork.cs
0dc4f29ae58336c9a32e0342cd1fa0c50b4dde00,477,src/S7_Csharp_Core/S7.Core.Abstractions/S7.Core.Abstractions.csproj
2da0f13b091cb59d526ff669065241c28e2c95f1,4279,src/S7_Csharp_Core/S7.Core.Abstractions/Services/IPowerController.cs
bf86ddc42608ff8bfc5c2d7c849aa8486f9d90fc,2543,src/S7_Csharp_Core/S7.Core.Abstractions/Validation/IValidator.cs
aafaabdecb615ee0f9a3020b90ba047c9959ef07,3610,src/S7_Csharp_Core/S7.Core.Commands/Extensions/CommandServiceExtensions.cs
c6b78718519d6f214c402711bbd17a7caec9c7bc,11378,src/S7_Csharp_Core/S7.Core.Commands/Extensions/FactoryServiceExtensions.cs
2caf5f0a9c562e461d57cacfced927ba30b73709,7621,src/S7_Csharp_Core/S7.Core.Commands/Extensions/ProviderServiceExtensions.cs
1f9a1e1449ccb9039deb4795a68a58dd8abdcac7,13095,src/S7_Csharp_Core/S7.Core.Commands/Handlers/MemoryDumpCommandHandler.cs
33cf89b6c77c12680db19e29587e08f8a8ee5f2b,17996,src/S7_Csharp_Core/S7.Core.Commands/Handlers/StagerInstallCommandHandler.cs
ddd405fff56c02f609233de74a14abd3c3c9ccb6,1584,src/S7_Csharp_Core/S7.Core.Commands/S7.Core.Commands.csproj
c0f12569e0ca9de3152fc2f049a020cdf44bb24b,13842,src/S7_Csharp_Core/S7.Core.Commands/Services/ModbusPowerController.cs
877de663308c2fd0c2f3f1a04aa0caa98ffa9223,8178,src/S7_Csharp_Core/S7.Infrastructure/Factories/AbstractRepositoryFactory.cs
39a8c0849dab0a4f7bb16404f6d4c88671fa8345,9867,src/S7_Csharp_Core/S7.Infrastructure/Factories/RepositoryFactory.cs
849bf3852145d16dc089777960f59065fb6769c4,3183,src/S7_Csharp_Core/S7.Infrastructure/FileStreamVirtualReader.cs
db24f870341ee9a9595bc61cd6312a1eab1722a4,5371,src/S7_Csharp_Core/S7.Infrastructure/PageCache.cs
30f7cef634ae6caeba036635dcd4ef6fd639a623,27194,src/S7_Csharp_Core/S7.Infrastructure/Providers/CachingProvider.cs
d6cf3c758721cf0dbc12e17a1bab32a2fe078db7,17757,src/S7_Csharp_Core/S7.Infrastructure/Providers/DefaultServiceProvider.cs
c84591c6bf3c4272087b2af00951d5da254dccf2,25200,src/S7_Csharp_Core/S7.Infrastructure/Providers/FileSystemProvider.cs
daf1faa448084be65f78e058d7503d52b7572e8a,24865,src/S7_Csharp_Core/S7.Infrastructure/Providers/MemoryProvider.cs
9ebec4ff04f28e9ac79018fed7a94da70606641e,23106,src/S7_Csharp_Core/S7.Infrastructure/Providers/ProviderRegistry.cs
831a376e60edab24ebc701260811453fdc18c3ad,17478,src/S7_Csharp_Core/S7.Infrastructure/Providers/ServiceProviderFactory.cs
dd836bb140ee80464dfecda77cb10706334980f1,16053,src/S7_Csharp_Core/S7.Infrastructure/Repositories/FileRepository.cs
7b87748c549887e36e6d3aa5f71da992aa650a52,10158,src/S7_Csharp_Core/S7.Infrastructure/Repositories/FileUnitOfWork.cs
d0ce11153d7c3b6c0ff3d6f16e0b8334390e155c,24205,src/S7_Csharp_Core/S7.Infrastructure/Repositories/MemoryDumpRepository.cs
3671141affe7a85c4fb5ee912e4f8591fac3c620,883,src/S7_Csharp_Core/S7.Infrastructure/S7.Infrastructure.csproj
494ba739b707ce8103b3e5d5b926a5a49d6a6405,4526,src/S7_Csharp_Core/S7.Net/Channels/SerialChannel.cs
327d07c5f80c43ff3805cb8bcbe7999fd1ab0601,3527,src/S7_Csharp_Core/S7.Net/Channels/TcpChannel.cs
62fd41b9d8c398a1ab81298b1ca3708ac670d808,454,src/S7_Csharp_Core/S7.Net/ChecksumMismatchException.cs
3ab25a0f7223df4b77e634195c3cfb7bb0fcdde3,1872,src/S7_Csharp_Core/S7.Net/Interfaces/ICommunicationChannel.cs
da745543c0c85fde27eecb89a38825efc4e7ddaf,9827,src/S7_Csharp_Core/S7.Net/PayloadManager.cs
be3b131b957d5e67471d586492e15494410bc31a,10165,src/S7_Csharp_Core/S7.Net/PlcClient.cs
01c9561f1441bd1a87ad90c0fb01d8ec33017092,1700,src/S7_Csharp_Core/S7.Net/PlcConstants.cs
d59bb08a74d0761e9ffbfa7581621753553e7b85,12342,src/S7_Csharp_Core/S7.Net/PlcMemoryManager.cs
f97c38557ae3fd5ff8ec0a3486409f2533346b2c,5122,src/S7_Csharp_Core/S7.Net/PlcProtocol.cs
a2a79cc32689c490943732c6840a6428b852f01b,11354,src/S7_Csharp_Core/S7.Net/PlcProtocolHandler.cs
1ddebee06f6f3c3cb986fe00d582469034eb76f7,9551,src/S7_Csharp_Core/S7.Net/PlcStagerManager.cs
84a3ddf8106973ec63132d974504de578bc98012,1804,src/S7_Csharp_Core/S7.Net/ProtocolUtils.cs
0d1f4593a371fc6d54480935856738aa49238006,348,src/S7_Csharp_Core/S7.Net/S7.Net.csproj
e5288c61bc677f9e933535045227745af1b744a2,2286,src/S7_Csharp_Core/S7.Services/Configuration/VirtualFileReaderConfiguration.cs
5b00f14253a6e35e1d450ddfe5ece87052cdec89,1855,src/S7_Csharp_Core/S7.Services/FileStreamVirtualReader.cs
117f29b41312834fab03978fc22fca23b336dcea,2409,src/S7_Csharp_Core/S7.Services/Interfaces/IVirtualFileReaderFactory.cs
f3067aa86bef7dc1197d81695edee51924bfc5b8,2070,src/S7_Csharp_Core/S7.Services/MemoryMappedFileVirtualReader.cs
e35cce0f1f2a5975d6207226606c28da45662164,697,src/S7_Csharp_Core/S7.Services/S7.Services.csproj
d105bc43d7e6afd83e1a1ced67ad40a5d1dfec6c,7913,src/S7_Csharp_Core/S7.Services/VirtualFileReaderFactory.cs
acafd60ec01381a96d50686b0f6d3ed2f6b2ec83,3075,src/S7_Csharp_Core/S7.Utils/Constants.cs
3bb65593b68978f8d39afa3ddc79037d05f1df5e,8646,src/S7_Csharp_Core/S7.Utils/DumpComparer.cs
a0854605c801d6485dce1c295bccb91f79362d3e,340,src/S7_Csharp_Core/S7.Utils/Interfaces/IVirtualFileReader.cs
ecaa9bb7c980c89999968d9a9f7fcb79bd2b726c,127,src/S7_Csharp_Core/S7.Utils/Models/Page.cs
55d63023c23fae2e59db6b852556fa542f7b1a51,11098,src/S7_Csharp_Core/S7.Utils/Result.cs
5e981e882fd6927502d1c3edaf9be1f95d4c3b2e,204,src/S7_Csharp_Core/S7.Utils/S7.Utils.csproj
3c6417c04e0b1d98902064f796b8855d5ad40226,12392,src/S7_Csharp_Core/S7.Utils/S7UpdateUnpacker.cs
e246a79b7bd936d9416cacba21d9ffb20ad9283e,1176,src/S7_Csharp_Utility/App.axaml
391844d3c47a6a04863879860e33ff8fba50afc6,4862,src/S7_Csharp_Utility/App.axaml.cs
e4434ed0b14468b2044a6564457c9e80e3eb7ffd,10082,src/S7_Csharp_Utility/ApplicationStyles.axaml
16c8ea0bc72cc6b198a1e1d911a437dd4ca02c7a,6212,src/S7_Csharp_Utility/Behaviors/AutoScrollBehavior.cs
a1522f2946d6dee781501b8ef7d97e766a9548ed,5199,src/S7_Csharp_Utility/Commands/AsyncRelayCommand.cs
a56b357476097b7e9901410775b4a1ac451a7cc9,6148,src/S7_Csharp_Utility/Commands/CommandHandlerBase.cs
4f84caae25fedb75d1459cc31f94f0ac17d856ef,2868,src/S7_Csharp_Utility/Commands/RelayCommand.cs
5da3648c92d49c4a9fb3e62d0db904aa6fa95d64,7524,src/S7_Csharp_Utility/Controls/HexViewerControl.axaml
27070a441f0e3a9df5b7498aef7f2fa443b6f180,7917,src/S7_Csharp_Utility/Controls/HexViewerControl.axaml.cs
2462a0f04f2a398093c754aec9b89c2bb7801d88,914,src/S7_Csharp_Utility/Converters/DiffLineTypeToBrushConverter.cs
4b4c923eed4a9265e9b344a774a669cf742fedf0,721,src/S7_Csharp_Utility/Converters/EnumToTabIndexConverter.cs
0f1d3f4d811c0dba1f866a57f64d386e1b8c4af5,1345,src/S7_Csharp_Utility/Converters/LogCategoryToColorConverter.cs
72460fa9762f7ad78a46bbb90413ad3b47b4b26c,1623,src/S7_Csharp_Utility/Converters/OffsetHighlightConverter.cs
2272485332cb25be9b00cbcfcf99458bcbd0c5fa,1133,src/S7_Csharp_Utility/Converters/SearchResultHighlightConverter.cs
9fae08a732969f5a2d7d4e168aa5022e1e43e3ec,2760,src/S7_Csharp_Utility/Converters/SelectionHighlightConverter.cs
ac419aa931c91aaa782cbf8ec30bd0807f329ea7,4147,src/S7_Csharp_Utility/Extensions/TaskExtensions.cs
ea5bb20c4087dcfd68988a073a0265490edec07c,2177,src/S7_Csharp_Utility/Interfaces/IDialogService.cs
84fbc2635d9c5cea280370c528b7eb2811e2ddd2,439,src/S7_Csharp_Utility/Interfaces/IViewService.cs
f906c937be3d2a9ddc25cb629ae70166b7a45149,22593,src/S7_Csharp_Utility/MainWindow.axaml
8545e5f6bcadc804b5a9b4d30c6ba3230acc546b,1502,src/S7_Csharp_Utility/MainWindow.axaml.cs
35a392695e55f66035ced24b601db0a771ded189,9021,src/S7_Csharp_Utility/Models/ApplicationConfiguration.cs
7bd4b5469bdf7bb38b30258872758c3493f7dbb3,2235,src/S7_Csharp_Utility/Models/DeviceProfile.cs
46e435c55318220a01badf156aa322b76f2a65b5,425,src/S7_Csharp_Utility/Models/SearchResult.cs
611bc27694f98d7957578e4e3100c003377be2a9,1618,src/S7_Csharp_Utility/Program.cs
cf0d1d0a453f985347e1b7ff598e710cdc783583,19182,src/S7_Csharp_Utility/Resources/ErrorMessages.resx
22f5d151c00185c80afdfe2c4088d8c34e7ada3a,14469,src/S7_Csharp_Utility/Resources/LogMessages.resx
754eacf337b3acdf63305102832bc917c02e42c9,4168,src/S7_Csharp_Utility/Resources/StringResources.axaml
dde3f36e3c47111f8c31dae15ba01e9c7663dd98,179,src/S7_Csharp_Utility/Resources/dump_mem/Makefile
c57d2e6d59fe242bbd7788b982ce0b5c344ef59f,4840,src/S7_Csharp_Utility/Resources/dump_mem/build/dump_mem
1664ef2e3b96b2152528be219969c5fdd71daf54,516,src/S7_Csharp_Utility/Resources/dump_mem/build/dump_mem.bin
787cd3b791e636ed351a7538760decc634a5df57,67,src/S7_Csharp_Utility/Resources/dump_mem/build/dump_mem.d
0870a76101e3f008499ebcaeb76c46c689f496d1,1440,src/S7_Csharp_Utility/Resources/dump_mem/build/dump_mem.ihex
eaeff25a66b613f2726a4311ab90ea34cfe945b1,1232,src/S7_Csharp_Utility/Resources/dump_mem/build/dump_mem.o
8e67973f271eb0b4fb1d5d1b1dbed50fbb89e84c,5576,src/S7_Csharp_Utility/Resources/dump_mem/build/dump_mem.sym
7913a0b79abbf3018b403abe46fe991f5cd8f592,1454,src/S7_Csharp_Utility/Resources/dump_mem/dump_mem.c
ce7088090f7fe2b5c96941efb02cedd38f3b859d,68,src/S7_Csharp_Utility/Resources/dump_mem/lib/print.d
19c8f78a07e8756774e37a0bf3ce3859427b17f2,1520,src/S7_Csharp_Utility/Resources/dump_mem/lib/print.o
f1a28e28d970806d940986814b6d19d2612d8900,64,src/S7_Csharp_Utility/Resources/dump_mem/lib/read.d
36f3b0859a1b50a355608d6efd40cdb5b4ae4206,1584,src/S7_Csharp_Utility/Resources/dump_mem/lib/read.o
8e9dffd08852ce60dacf45aa6d477e13e41a8fc1,55,src/S7_Csharp_Utility/Resources/dump_mem/lib/stdlib.d
69e6a50fab5f85d7acbff30546f21d517dec97af,872,src/S7_Csharp_Utility/Resources/dump_mem/lib/stdlib.o
a2bb5132f960449a9c41bffd385952b93a5d4c7f,39,src/S7_Csharp_Utility/Resources/dump_mem/lib/string.d
7a07862974bfd4de2ff93dda91df170bfd86203f,820,src/S7_Csharp_Utility/Resources/dump_mem/lib/string.o
72b13f2554531cb98b2661ece06776755116ca6f,19,src/S7_Csharp_Utility/Resources/dump_mem/link.ld
15469abe37b55aba34d1ce52bb8e6080c617a558,261,src/S7_Csharp_Utility/Resources/dump_mem/memory.h
2e071f7d0f01d9f98c294c4a91038bc45c4f0735,214,src/S7_Csharp_Utility/Resources/dump_mem/start.S
08a4bc98dfe362e557e5b0d32046ea2b64b99fd4,162,src/S7_Csharp_Utility/Resources/hello_loop/Makefile
44872535940b644efb00e23f35f4cab8cfacff1a,4908,src/S7_Csharp_Utility/Resources/hello_loop/build/hello_loop
f63c3649fbdc31dce5c5a7217b8c7081095f7b93,584,src/S7_Csharp_Utility/Resources/hello_loop/build/hello_loop.bin
7917ab697c414ce3de57e633fa243b0838982083,91,src/S7_Csharp_Utility/Resources/hello_loop/build/hello_loop.d
182a0c15cf8e3282515a631d1bd053f191599d6e,1624,src/S7_Csharp_Utility/Resources/hello_loop/build/hello_loop.ihex
7f3e83ec96e8136b39c224fde411c5da29cb49bf,1220,src/S7_Csharp_Utility/Resources/hello_loop/build/hello_loop.o
68bf37a6e8263f88a890bdaec2802dd2defd2141,5692,src/S7_Csharp_Utility/Resources/hello_loop/build/hello_loop.sym
f29671406a393cba8d4ae354ec1f4af83005e1e4,901,src/S7_Csharp_Utility/Resources/hello_loop/hello_loop.c
ce7088090f7fe2b5c96941efb02cedd38f3b859d,68,src/S7_Csharp_Utility/Resources/hello_loop/lib/print.d
19c8f78a07e8756774e37a0bf3ce3859427b17f2,1520,src/S7_Csharp_Utility/Resources/hello_loop/lib/print.o
f1a28e28d970806d940986814b6d19d2612d8900,64,src/S7_Csharp_Utility/Resources/hello_loop/lib/read.d
36f3b0859a1b50a355608d6efd40cdb5b4ae4206,1584,src/S7_Csharp_Utility/Resources/hello_loop/lib/read.o
8e9dffd08852ce60dacf45aa6d477e13e41a8fc1,55,src/S7_Csharp_Utility/Resources/hello_loop/lib/stdlib.d
69e6a50fab5f85d7acbff30546f21d517dec97af,872,src/S7_Csharp_Utility/Resources/hello_loop/lib/stdlib.o
a2bb5132f960449a9c41bffd385952b93a5d4c7f,39,src/S7_Csharp_Utility/Resources/hello_loop/lib/string.d
7a07862974bfd4de2ff93dda91df170bfd86203f,820,src/S7_Csharp_Utility/Resources/hello_loop/lib/string.o
72b13f2554531cb98b2661ece06776755116ca6f,19,src/S7_Csharp_Utility/Resources/hello_loop/link.ld
15469abe37b55aba34d1ce52bb8e6080c617a558,261,src/S7_Csharp_Utility/Resources/hello_loop/memory.h
3ba7efcc82a58e5e5d2b35273f5e8f11ceec9bf5,134,src/S7_Csharp_Utility/Resources/hello_world/build.sh
06bb2126a292304eb47913caab88239fccad8887,68,src/S7_Csharp_Utility/Resources/hello_world/hello_world.bin
f5d3e9e5879de6440227dfbfa38ec0bb1e7a8e3b,514,src/S7_Csharp_Utility/Resources/hello_world/hello_world.s
8cff9a421b276f5320dc0511b4f2e2d29612cc6a,1166,src/S7_Csharp_Utility/Resources/lib/Serial.h
e95fdcff0147d226a67c5b03daa23c5b0106bb49,1890,src/S7_Csharp_Utility/Resources/lib/Serial_pl011.c
87761cb23f4e1d42893459e11927d337bbda6f9d,4377,src/S7_Csharp_Utility/Resources/lib/print.c
8f57bf82e5d2fcd1ba94a23fe322e5c7216092e4,366,src/S7_Csharp_Utility/Resources/lib/print.h
bea0635e35be90007168759006d33c527d394d15,2568,src/S7_Csharp_Utility/Resources/lib/read.c
05aa2bfdf548404f1bd0d166890ab1e048ab55d7,468,src/S7_Csharp_Utility/Resources/lib/read.h
d9a454b2b825fef9fa0bf0e4a38d98e48245210d,325,src/S7_Csharp_Utility/Resources/lib/stdlib.c
f0016aa1b0a3e6a7f42c1cf40084743979dd2a54,176,src/S7_Csharp_Utility/Resources/lib/stdlib.h
3ed5ae0f3e24a881f6ef2d4fd2e53cf11c3919d5,105,src/S7_Csharp_Utility/Resources/lib/string.c
85c0a244f921196b0953f4599e8ce5accdd1cfe2,35,src/S7_Csharp_Utility/Resources/lib/string.h
cd141e2e2782ec8c2935b2f4f9e41d276a402bcc,708,src/S7_Csharp_Utility/Resources/link.ld
17714c827f1d7eda47fa4a36fd827340dd843015,470,src/S7_Csharp_Utility/Resources/makeinc/config.mk
fea45f5d0b7cc976935b8b023aae6df68c6eee8b,1037,src/S7_Csharp_Utility/Resources/makeinc/rules.mk
35e74e888d4c9a9e8bad117d242345c1417f5581,372,src/S7_Csharp_Utility/Resources/stager/README.md
312baa2fac27ad14f99fec1c560454fa9c4d1d8c,124,src/S7_Csharp_Utility/Resources/stager/build.sh
95ac83c149679946e608aaf0f05236b73e1e81cf,292,src/S7_Csharp_Utility/Resources/stager/stager.bin
e667b1e30658caf502618baaaca32fe8d03fb3d8,2842,src/S7_Csharp_Utility/Resources/stager/stager.s
446b18ec9b181ff80b94f5b726ce35bf5e8050b4,164,src/S7_Csharp_Utility/Resources/tic_tac_toe/Makefile
b5750da343f4a48547adda5883405638f68068e3,6584,src/S7_Csharp_Utility/Resources/tic_tac_toe/build/tic_tac_toe
aed7baefe4d4170f44faf04bd37dd74c141d3429,2260,src/S7_Csharp_Utility/Resources/tic_tac_toe/build/tic_tac_toe.bin
30f6e878b002ea5827e9d7efdc4c7b874a2649d7,93,src/S7_Csharp_Utility/Resources/tic_tac_toe/build/tic_tac_toe.d
d3f9eb63c5f83355a30fb89c5d0c89608bfa4d25,6236,src/S7_Csharp_Utility/Resources/tic_tac_toe/build/tic_tac_toe.ihex
50e6553caf64b6ff5d739db6e671999272a9a15c,3052,src/S7_Csharp_Utility/Resources/tic_tac_toe/build/tic_tac_toe.o
3177d7f0185d2b166dbbe815051c366fc12c3b30,7872,src/S7_Csharp_Utility/Resources/tic_tac_toe/build/tic_tac_toe.sym
ce7088090f7fe2b5c96941efb02cedd38f3b859d,68,src/S7_Csharp_Utility/Resources/tic_tac_toe/lib/print.d
19c8f78a07e8756774e37a0bf3ce3859427b17f2,1520,src/S7_Csharp_Utility/Resources/tic_tac_toe/lib/print.o
f1a28e28d970806d940986814b6d19d2612d8900,64,src/S7_Csharp_Utility/Resources/tic_tac_toe/lib/read.d
36f3b0859a1b50a355608d6efd40cdb5b4ae4206,1584,src/S7_Csharp_Utility/Resources/tic_tac_toe/lib/read.o
8e9dffd08852ce60dacf45aa6d477e13e41a8fc1,55,src/S7_Csharp_Utility/Resources/tic_tac_toe/lib/stdlib.d
69e6a50fab5f85d7acbff30546f21d517dec97af,872,src/S7_Csharp_Utility/Resources/tic_tac_toe/lib/stdlib.o
a2bb5132f960449a9c41bffd385952b93a5d4c7f,39,src/S7_Csharp_Utility/Resources/tic_tac_toe/lib/string.d
7a07862974bfd4de2ff93dda91df170bfd86203f,820,src/S7_Csharp_Utility/Resources/tic_tac_toe/lib/string.o
72b13f2554531cb98b2661ece06776755116ca6f,19,src/S7_Csharp_Utility/Resources/tic_tac_toe/link.ld
15469abe37b55aba34d1ce52bb8e6080c617a558,261,src/S7_Csharp_Utility/Resources/tic_tac_toe/memory.h
4ae5cf76c78bfa8648004762719bb569f17e6326,5109,src/S7_Csharp_Utility/Resources/tic_tac_toe/tic_tac_toe.c
f62430c74c1fe5b70a292970f6334d1333252e4c,2496,src/S7_Csharp_Utility/S7_Csharp_Utility.csproj
aba0ca2f7b9da1142f327e710e6e1349aa81287a,9712,src/S7_Csharp_Utility/Services/ConfigurationService.cs
f737ed7cabc1c8641df1df844ef4d86e791fa75b,5695,src/S7_Csharp_Utility/Services/DialogService.cs
896a932d13fc63ebea9752f4a00cbf243e7f3c0a,10065,src/S7_Csharp_Utility/Services/FileComparisonService.cs
450ff43a149490095f304055e3cfcca36d7aba52,8833,src/S7_Csharp_Utility/Services/HexViewerService.cs
c9cd1a8737688ba3262e9adadca4c352bba24baa,3530,src/S7_Csharp_Utility/Services/Logger.cs
8071c71f9544c328b0d2a8a6be641d66238068d2,14411,src/S7_Csharp_Utility/Services/LoggingService.cs
a1f35f811d992a6456495e1e15c24f79b3940b7c,3409,src/S7_Csharp_Utility/Services/PowerController.cs
9b567fc7e47af117e4d443d13a6dd45d809505ba,7051,src/S7_Csharp_Utility/Services/ResourceManagerService.cs
3cd07af11f10f11c25aabad5ebc39efc380179e6,7522,src/S7_Csharp_Utility/Services/SocatLoggerService.cs
ec27f9a045c9a0bb7a669cbed7976eed1c881ff9,8475,src/S7_Csharp_Utility/Services/SocatService.cs
ba57a91ca169f43562a229ae91f49611e849a382,2001,src/S7_Csharp_Utility/Services/ViewService.cs
0a46d795e96955560c082e034b0dfa26a88bcd35,6231,src/S7_Csharp_Utility/Services/VirtualizingHexList.cs
310bdfcd34c821a31e28d3a023c4852b4dd4f11a,1355,src/S7_Csharp_Utility/ViewLocator.cs
571ea74814ca1f6cf207731c3fcf2c768be0513f,10862,src/S7_Csharp_Utility/ViewModels/ComparisonResultViewModel.cs
d35267066711a0470e7db1d74ec753bf270becd0,5715,src/S7_Csharp_Utility/ViewModels/ConfigurationViewModel.cs
18ac59d2c9814bc3b1e9b50840447904975ba154,6416,src/S7_Csharp_Utility/ViewModels/DiffViewModel.cs
2d55dd9f7f42b127cb5a6e38191532d3724fdcfe,7514,src/S7_Csharp_Utility/ViewModels/FileCompareViewModel.cs
0d0acfffd65220904315e63957223a3f4a3ced49,6417,src/S7_Csharp_Utility/ViewModels/FirmwareUnpackerViewModel.cs
8debf2c226b5f3f4201984942de2fd7d32059d67,33378,src/S7_Csharp_Utility/ViewModels/HexViewerViewModel.cs
1cad9cd8942f886c5c3482b63afca6656a2e5819,31999,src/S7_Csharp_Utility/ViewModels/MainWindowViewModel.cs
2c3f43e18a5fc06f3ff08e3e746b12532d10c3d2,7696,src/S7_Csharp_Utility/ViewModels/ModbusPowerSupplyViewModel.cs
f80af11442f3d47acba7720129c59e45ff4f224a,12368,src/S7_Csharp_Utility/ViewModels/PlcConnectionViewModel.cs
ed498d58cd94a7b153f2b3d40d8da5a3aeb0de12,5285,src/S7_Csharp_Utility/ViewModels/ProfileManagementViewModel.cs
5bafb3c77149a930074d62c7f5be99b519886bc9,421,src/S7_Csharp_Utility/ViewModels/SocatLogViewModel.cs
f3016276f891b393e3691863268b23ee418fff7e,5575,src/S7_Csharp_Utility/ViewModels/ViewModelBase.cs
cce8a90017cb303876b1f2a5e878b9ce12b61fc4,8263,src/S7_Csharp_Utility/Views/ComparisonResultWindow.axaml
b5ce82d16e8d0d15f8ff9a521cddb88cf9b653cd,581,src/S7_Csharp_Utility/Views/ComparisonResultWindow.axaml.cs
aa5e49691b24c5f82128d1e81ccf44f6cc30daa4,3825,src/S7_Csharp_Utility/Views/DiffView.axaml
3c3cd26a26a70e44348cac6161ba36219c7e0c1e,203,src/S7_Csharp_Utility/Views/DiffView.axaml.cs
8f503ecefccc790e9dce7664887af0f20c80b0d9,2311,src/S7_Csharp_Utility/Views/DumpComparisonView.axaml
15e7755dbe2285a7e068aa02ecd0311915c6f180,228,src/S7_Csharp_Utility/Views/DumpComparisonView.axaml.cs
6455d87290595d827f44b2f65a9000df694d043d,804,src/S7_Csharp_Utility/Views/FirmwareUnpackerWindow.axaml
6b627d994186a63741ace64cbff3507ef9cb685f,491,src/S7_Csharp_Utility/Views/FirmwareUnpackerWindow.axaml.cs
a4d6f1eeb9ebc2cb5197babf7f842c9729a59efd,27942,src/S7_Csharp_Utility/Views/HexViewerWindow.axaml
9175d23b918e757aea9cbebd938d9cd8de6ae45d,1586,src/S7_Csharp_Utility/Views/HexViewerWindow.axaml.cs
4c089d42c015cdd748e8899d2bfc5ce4290c01a6,2973,src/S7_Csharp_Utility/Views/MemoryDumpView.axaml
0a94e2cf15242fc230d7898b80526cf67553327c,220,src/S7_Csharp_Utility/Views/MemoryDumpView.axaml.cs
2119b25fc9efed3ba8985e7cdb6819815f40ec91,2095,src/S7_Csharp_Utility/Views/ModbusPowerSupplyView.axaml
7ef8d66a86bd248e35950d9daa35945feca2a08f,234,src/S7_Csharp_Utility/Views/ModbusPowerSupplyView.axaml.cs
8e0c9a6555f489c2a347399dfc5c609c6487e2d1,5975,src/S7_Csharp_Utility/Views/PlcConnectionView.axaml
76b664d42876f666cdfa7fcd7aef8dcc4600787b,226,src/S7_Csharp_Utility/Views/PlcConnectionView.axaml.cs
8fbc5a7b6e3b86891b6f9efd79c70eadd6d36dce,3495,src/S7_Csharp_Utility/Views/ProfileManagementWindow.axaml
65b2180904dd4e9132227c15cb358ea85b746ccc,3338,src/S7_Csharp_Utility/Views/ProfileManagementWindow.axaml.cs
ebaa17f5644a5d0771c20473c49a65baf02ebfdd,208,src/S7_Csharp_Utility/bin/Debug/net8.0/Profiles/New Profile.json
8e82edcfdef8fa2e8f6a52d2e1edbc7ca424391c,85194,src/S7_Csharp_Utility/bin/Debug/net8.0/Resources/dumps/mem_dump_01e01040_01e15d0a_20250925_152044.bin
7cf87f01ba2bca94e214e8805291ec38c5b41914,85194,src/S7_Csharp_Utility/bin/Debug/net8.0/Resources/dumps/mem_dump_01e01040_01e15d0a_20250925_184635.bin
8304b921f416eb195da8fd15d334dfc084ca1835,851944,src/S7_Csharp_Utility/bin/Debug/net8.0/Resources/dumps/mem_dump_01e01040_01ed1028_20250925_124421.bin
142b6fd78c8ac0c269d6603f8c313c376d1f6f8f,16298437,src/S7_Csharp_Utility/bin/Debug/net8.0/Resources/extracted/6ES7 212-1AE40-0XB0 V04.02.01.upd.unpacked.bin
441bdd48ef2093dc35a3ac4d4c6b80fbee51f0ce,1244,src/S7_Csharp_Utility/bin/Debug/net8.0/Resources/logs/PlcMain_20250924_051823.log
6a1206e8c2345b151b6b3e77e988378c62b1e13f,3404,src/S7_Csharp_Utility/bin/Debug/net8.0/Resources/logs/PlcMain_20250925_044901.log
65c2338eb8d6daee892dcf90720a709b88743c41,5242900,src/S7_Csharp_Utility/bin/Debug/net8.0/Resources/logs/PlcMain_20250925_095108.log
20455a633529527dc77e823ae14650f30f75beeb,5242965,src/S7_Csharp_Utility/bin/Debug/net8.0/Resources/logs/PlcMain_20250925_100944.log
67c4a596f743bd89f52fc93895cfa7ab8cce2f4b,5242965,src/S7_Csharp_Utility/bin/Debug/net8.0/Resources/logs/PlcMain_20250925_101750.log
0fcaf80c76013bf3820f4b68c82e718216d0c34e,5242965,src/S7_Csharp_Utility/bin/Debug/net8.0/Resources/logs/PlcMain_20250925_102556.log
3e482b3f9ee6c29aecb76199f4314fc3380e0be0,5242965,src/S7_Csharp_Utility/bin/Debug/net8.0/Resources/logs/PlcMain_20250925_103401.log
0c6f13857195affc67127b7bb6b6b257703f932b,1757765,src/S7_Csharp_Utility/bin/Debug/net8.0/Resources/logs/PlcMain_20250925_104207.log
75c8a984ce9cd00cc6cbe7f907421b5c0164cef3,4387874,src/S7_Csharp_Utility/bin/Debug/net8.0/Resources/logs/PlcMain_20250925_122947.log
419b2e8728b1f038bb05be490b312277a1c9a046,2811292,src/S7_Csharp_Utility/bin/Debug/net8.0/Resources/logs/PlcMain_20250925_123845.log
50e82a4b655525707bc9820a2666365da2e1cef6,295130,src/S7_Csharp_Utility/bin/Debug/net8.0/Resources/logs/PlcMain_20250925_130104.log
bb923c85b8fed65e7e028d6f5a595d9b452bd493,157,src/S7_Csharp_Utility/bin/Debug/net8.0/Resources/logs/PlcMain_20250925_133317.log
596f49265b253d195adc2e451e47160faf4e257b,589348,src/S7_Csharp_Utility/bin/Debug/net8.0/Resources/logs/PlcMain_20250925_151811.log
5b9dc628a37b7fbbc3fb2a63e6e73d4bf5b822f6,296323,src/S7_Csharp_Utility/bin/Debug/net8.0/Resources/logs/PlcMain_20250925_184401.log
c5401fac2fd3fc8919ee92157969b172757ff5ee,157,src/S7_Csharp_Utility/bin/Debug/net8.0/Resources/logs/PlcMain_20250925_185535.log
08822c5bd4ab36e9c2fb88149e788ccf144e283a,1244,src/S7_Csharp_Utility/bin/Debug/net8.0/Resources/logs/PlcMain_20250925_185924.log
63ea19f1889eda63acb89c21f4f90479ee1763ec,157,src/S7_Csharp_Utility/bin/Debug/net8.0/Resources/logs/PlcMain_20250925_232604.log
8fd8111468cd659f8feaffcbc4b59ef675a039de,157,src/S7_Csharp_Utility/bin/Debug/net8.0/Resources/logs/PlcMain_20250925_234447.log
73a25579eecda8d71d4edd3c8b8e303aa48e0426,1244,src/S7_Csharp_Utility/bin/Debug/net8.0/Resources/logs/PlcMain_20250926_030513.log
2eac2df74b8c1746411fdae8572ba6f0a15373d1,166,src/S7_Csharp_Utility/bin/Debug/net8.0/Resources/logs/Socat_20250925_044901.log
7021ae2a6108d7a52d129df8e80510a859d52c89,5242940,src/S7_Csharp_Utility/bin/Debug/net8.0/Resources/logs/Socat_20250925_095108.log
dd192c432dc81d9bba276f0f08664031b5643760,5242889,src/S7_Csharp_Utility/bin/Debug/net8.0/Resources/logs/Socat_20250925_100201.log
3417e59c681cb735287f244a56c34248118a0c2e,5242936,src/S7_Csharp_Utility/bin/Debug/net8.0/Resources/logs/Socat_20250925_100222.log
aa67ecdb93bd8544d5bbda2bf0bfa5ff7cc7627c,5242935,src/S7_Csharp_Utility/bin/Debug/net8.0/Resources/logs/Socat_20250925_100243.log
3bc8dc7682f360054c368860567badc3a7550a3c,5242883,src/S7_Csharp_Utility/bin/Debug/net8.0/Resources/logs/Socat_20250925_100304.log
165222be14665484193830c172eb0ca1f23bf0a2,5242953,src/S7_Csharp_Utility/bin/Debug/net8.0/Resources/logs/Socat_20250925_100326.log
5cb711e4e0ca3d14ed2f2815279dc6a0bc4f0971,5242944,src/S7_Csharp_Utility/bin/Debug/net8.0/Resources/logs/Socat_20250925_100347.log
8b80d502610bbcec94309cf5284718dee1c52656,5242931,src/S7_Csharp_Utility/bin/Debug/net8.0/Resources/logs/Socat_20250925_100408.log
5b39f71308dba282ccdc24e174c4a5ffdfb78882,5242935,src/S7_Csharp_Utility/bin/Debug/net8.0/Resources/logs/Socat_20250925_100429.log
50b5ee407448abea3d37fc24348a5ba3bcadfec7,5242883,src/S7_Csharp_Utility/bin/Debug/net8.0/Resources/logs/Socat_20250925_100450.log
0b1e45025b8cae5feea5f56e51717f871e0776dc,5242953,src/S7_Csharp_Utility/bin/Debug/net8.0/Resources/logs/Socat_20250925_100512.log
719bf426f1439a2c8e373a4ae6597fa2b00305a0,5242944,src/S7_Csharp_Utility/bin/Debug/net8.0/Resources/logs/Socat_20250925_100533.log
f0aaeade9a391318c32035d92deaad1df37511c7,5242935,src/S7_Csharp_Utility/bin/Debug/net8.0/Resources/logs/Socat_20250925_100554.log
9895d1d82c31239056c0d56fb03834caa5050632,5242887,src/S7_Csharp_Utility/bin/Debug/net8.0/Resources/logs/Socat_20250925_100615.log
8d5af50c745bb3444141ed0c922e6a5d965baf47,5242885,src/S7_Csharp_Utility/bin/Debug/net8.0/Resources/logs/Socat_20250925_100636.log
4da5102186cb3d0f87ff03c71d7df3e13142c842,5242955,src/S7_Csharp_Utility/bin/Debug/net8.0/Resources/logs/Socat_20250925_100657.log
7a6c2500f6f14061bad38a19131fcc0aaf20335c,5242948,src/S7_Csharp_Utility/bin/Debug/net8.0/Resources/logs/Socat_20250925_100718.log
2bdacf9743d2e10da996f1c2211359f5315bf4c6,5242937,src/S7_Csharp_Utility/bin/Debug/net8.0/Resources/logs/Socat_20250925_100739.log
88f4df0d76d3cec35b7d51d6a877faf5799bf29e,5242885,src/S7_Csharp_Utility/bin/Debug/net8.0/Resources/logs/Socat_20250925_100801.log
2bd5973e00f04b9c3814a362ec90455f5cc79f50,5242955,src/S7_Csharp_Utility/bin/Debug/net8.0/Resources/logs/Socat_20250925_100822.log
53baeab7db90f621b2c57a1bceeb920be762b108,5242948,src/S7_Csharp_Utility/bin/Debug/net8.0/Resources/logs/Socat_20250925_100843.log
d803282b4f9146dab49f82d1131ec796dda793d4,5242937,src/S7_Csharp_Utility/bin/Debug/net8.0/Resources/logs/Socat_20250925_100904.log
8ada8a04fb551cc4da1de6908ff31b089a058c4c,5242885,src/S7_Csharp_Utility/bin/Debug/net8.0/Resources/logs/Socat_20250925_100925.log
cad9a7235d65e71880e3b3dad93cd206f539941c,5242955,src/S7_Csharp_Utility/bin/Debug/net8.0/Resources/logs/Socat_20250925_100946.log
509a7a789f2d45a4dec65d1519496f57b5796f28,5242948,src/S7_Csharp_Utility/bin/Debug/net8.0/Resources/logs/Socat_20250925_101007.log
ecef97d359241335ffee8aa749f51eca3d00af0b,5242933,src/S7_Csharp_Utility/bin/Debug/net8.0/Resources/logs/Socat_20250925_101028.log
525d19b499060617a761fee403157c3b89bbc15c,5242940,src/S7_Csharp_Utility/bin/Debug/net8.0/Resources/logs/Socat_20250925_101049.log
cd44b46156cc96bb4790c6f5f8a936e279790141,5242937,src/S7_Csharp_Utility/bin/Debug/net8.0/Resources/logs/Socat_20250925_101110.log
111201409ef5d5bf676f18dc8519ec133db39b37,5242885,src/S7_Csharp_Utility/bin/Debug/net8.0/Resources/logs/Socat_20250925_101131.log
eef6e0691dba33edc9b1f379365caa200bb4be2d,5242955,src/S7_Csharp_Utility/bin/Debug/net8.0/Resources/logs/Socat_20250925_101152.log
eea9c5813edf50ce8486d3d3ea746fab47fda2d7,5242948,src/S7_Csharp_Utility/bin/Debug/net8.0/Resources/logs/Socat_20250925_101213.log
82aa6be280c1934bfb48c5caced2bd798291592f,5242937,src/S7_Csharp_Utility/bin/Debug/net8.0/Resources/logs/Socat_20250925_101234.log
27a5b4b750d19c1e7ea103f1b8cd54fa64f5afb4,5242885,src/S7_Csharp_Utility/bin/Debug/net8.0/Resources/logs/Socat_20250925_101255.log
fdcd55b1aa387ad809a9877c2d15f959c99dfb3b,5242955,src/S7_Csharp_Utility/bin/Debug/net8.0/Resources/logs/Socat_20250925_101316.log
54b7548821c6e8ed158b9fe87cac2b9bb6105653,5242948,src/S7_Csharp_Utility/bin/Debug/net8.0/Resources/logs/Socat_20250925_101337.log
631d5818732a53a601b3576491a3f9889c471525,5242937,src/S7_Csharp_Utility/bin/Debug/net8.0/Resources/logs/Socat_20250925_101358.log
c89ab497cc0e7a0e1631d66d317ed8db3e0230cb,5242885,src/S7_Csharp_Utility/bin/Debug/net8.0/Resources/logs/Socat_20250925_101419.log
7dabfc6502492c710dc4527d8cb95168e3646f01,5242955,src/S7_Csharp_Utility/bin/Debug/net8.0/Resources/logs/Socat_20250925_101440.log
80b93c8a39b874df1f31b4564581af2ff58eb4d5,5242948,src/S7_Csharp_Utility/bin/Debug/net8.0/Resources/logs/Socat_20250925_101502.log
f64fa881f7a1c7e0afbe7637ec5c514ebe1e7bb3,5242937,src/S7_Csharp_Utility/bin/Debug/net8.0/Resources/logs/Socat_20250925_101523.log
2c9bef504dd84b7516b333a31d1eb582c305063d,5242885,src/S7_Csharp_Utility/bin/Debug/net8.0/Resources/logs/Socat_20250925_101544.log
6e2f58f2b2ca0ebff64cd0bd45d2e29d6f92204e,5242955,src/S7_Csharp_Utility/bin/Debug/net8.0/Resources/logs/Socat_20250925_101605.log
f41b280172e815b0b784ed3e98b80691ed778875,5242948,src/S7_Csharp_Utility/bin/Debug/net8.0/Resources/logs/Socat_20250925_101626.log
c5ab56c664d949632f09b6814ef8bbb7b494a3be,5242937,src/S7_Csharp_Utility/bin/Debug/net8.0/Resources/logs/Socat_20250925_101647.log
4d1fafc941c5a0c0c080d10e81775cd945cb4d04,5242885,src/S7_Csharp_Utility/bin/Debug/net8.0/Resources/logs/Socat_20250925_101708.log
045f12de92a2ba6c8c5a5e4cd5a6401168118750,5242955,src/S7_Csharp_Utility/bin/Debug/net8.0/Resources/logs/Socat_20250925_101729.log
4041b060896123c20e58a7fc92c8c89d9e5e3c22,5242948,src/S7_Csharp_Utility/bin/Debug/net8.0/Resources/logs/Socat_20250925_101750.log
a2816dc52e19cb337aa08bd56611e3a6f9ec3d65,5242937,src/S7_Csharp_Utility/bin/Debug/net8.0/Resources/logs/Socat_20250925_101811.log
6d8e67e8674fc549e8390eb64b2b1783a974e7da,5242885,src/S7_Csharp_Utility/bin/Debug/net8.0/Resources/logs/Socat_20250925_101832.log
cfe847c81150cb58e5b7eb211114f9bd7fe07ea9,5242955,src/S7_Csharp_Utility/bin/Debug/net8.0/Resources/logs/Socat_20250925_101853.log
a8ba205de12604d70468100bd865ce3c1def20fd,5242948,src/S7_Csharp_Utility/bin/Debug/net8.0/Resources/logs/Socat_20250925_101914.log
da90e46a2f94a2cf5a8b76d48b502305e2da1a0a,5242937,src/S7_Csharp_Utility/bin/Debug/net8.0/Resources/logs/Socat_20250925_101935.log
9351829f23f31baec18a9f22f254fe8e7b797632,5242885,src/S7_Csharp_Utility/bin/Debug/net8.0/Resources/logs/Socat_20250925_101956.log
b70c63aa00315283807c6cd87a34a1a3316bd745,5242955,src/S7_Csharp_Utility/bin/Debug/net8.0/Resources/logs/Socat_20250925_102017.log
9d085c3d61bd42a7a5eb69ea61a844549bd4cf84,5242948,src/S7_Csharp_Utility/bin/Debug/net8.0/Resources/logs/Socat_20250925_102038.log
62c4347b6f8c9a90a049f87f638aeeb866a1e033,5242937,src/S7_Csharp_Utility/bin/Debug/net8.0/Resources/logs/Socat_20250925_102059.log
fb0ec962f344335f7f5956ddde7be72de2000612,5242885,src/S7_Csharp_Utility/bin/Debug/net8.0/Resources/logs/Socat_20250925_102120.log
c83123d8fd6acf43455f182208f8c844d09e02cd,5242955,src/S7_Csharp_Utility/bin/Debug/net8.0/Resources/logs/Socat_20250925_102141.log
13b139273bdb234ddb40156b30e48b1e238cde8e,5242948,src/S7_Csharp_Utility/bin/Debug/net8.0/Resources/logs/Socat_20250925_102203.log
5163fc076b83884eb31140e2785bdaf5beee898b,5242937,src/S7_Csharp_Utility/bin/Debug/net8.0/Resources/logs/Socat_20250925_102224.log
85ae925656b8760acce6059aeb7003d485b193ae,5242885,src/S7_Csharp_Utility/bin/Debug/net8.0/Resources/logs/Socat_20250925_102245.log
474a1ab62dd2a273277c4d2298213f55fc0401a8,5242955,src/S7_Csharp_Utility/bin/Debug/net8.0/Resources/logs/Socat_20250925_102306.log
6cc7dfd581ce5beea58dd33b311890fb167d8346,5242948,src/S7_Csharp_Utility/bin/Debug/net8.0/Resources/logs/Socat_20250925_102327.log
79dbed4472928b66057d4a1b9bf7fa2e00390b00,5242937,src/S7_Csharp_Utility/bin/Debug/net8.0/Resources/logs/Socat_20250925_102348.log
ccddd37be09a2d79dfcd596ddac4203acf289223,5242885,src/S7_Csharp_Utility/bin/Debug/net8.0/Resources/logs/Socat_20250925_102409.log
7a83cf6ad95656eca95e2fec417d31d31fd2b64f,5242955,src/S7_Csharp_Utility/bin/Debug/net8.0/Resources/logs/Socat_20250925_102430.log
b43a625d5302f3f4554f5bcd966dc45bba66f115,5242948,src/S7_Csharp_Utility/bin/Debug/net8.0/Resources/logs/Socat_20250925_102451.log
f095e98de8dbbfdbe1101e12cd0ec652c7c047aa,5242937,src/S7_Csharp_Utility/bin/Debug/net8.0/Resources/logs/Socat_20250925_102512.log
a86afd5c9b3584b5b624bd5a9e0d19d0c4ea1936,5242885,src/S7_Csharp_Utility/bin/Debug/net8.0/Resources/logs/Socat_20250925_102533.log
ee30610d44f0ef31e6af64be826e87097d3d0438,5242955,src/S7_Csharp_Utility/bin/Debug/net8.0/Resources/logs/Socat_20250925_102554.log
2e7a37129efc4c79e229d37a848037c6a4171733,5242948,src/S7_Csharp_Utility/bin/Debug/net8.0/Resources/logs/Socat_20250925_102615.log
a21a5e37cba288e5a8dafa549a70f4b2cbd49601,5242937,src/S7_Csharp_Utility/bin/Debug/net8.0/Resources/logs/Socat_20250925_102636.log
b692d149847b8d1e8b1063195485823d640f52d3,5242885,src/S7_Csharp_Utility/bin/Debug/net8.0/Resources/logs/Socat_20250925_102657.log
2cb833c013a1f1b1a15ae55bcff49875fd62a081,5242955,src/S7_Csharp_Utility/bin/Debug/net8.0/Resources/logs/Socat_20250925_102718.log
5a722d246f45f3488b79d86f0e53ff7e73eee647,5242948,src/S7_Csharp_Utility/bin/Debug/net8.0/Resources/logs/Socat_20250925_102739.log
e228ce6032f39778931d3b81279f2fa5439701e7,5242937,src/S7_Csharp_Utility/bin/Debug/net8.0/Resources/logs/Socat_20250925_102800.log
23f4a7db582e7031e0efa65d91c944d11647d76c,5242885,src/S7_Csharp_Utility/bin/Debug/net8.0/Resources/logs/Socat_20250925_102821.log
df078abf9b94ab757413338cc9b7e24e7198140d,5242955,src/S7_Csharp_Utility/bin/Debug/net8.0/Resources/logs/Socat_20250925_102842.log
f91295f9ace64177d4dbda03b8a2fac7ed1da489,5242948,src/S7_Csharp_Utility/bin/Debug/net8.0/Resources/logs/Socat_20250925_102904.log
d600c5b94f229cf8bc30a20415717cf8a054307e,5242937,src/S7_Csharp_Utility/bin/Debug/net8.0/Resources/logs/Socat_20250925_102925.log
aa944d4bfe6144c19042fb16ae43d183a145db43,5242885,src/S7_Csharp_Utility/bin/Debug/net8.0/Resources/logs/Socat_20250925_102946.log
67d10555048c08facb45372115b0439bd1ef70da,5242955,src/S7_Csharp_Utility/bin/Debug/net8.0/Resources/logs/Socat_20250925_103007.log
8bf7a2b1616ef3cb738659f79e117da35cfef2b9,5242882,src/S7_Csharp_Utility/bin/Debug/net8.0/Resources/logs/Socat_20250925_103028.log
f626d12d6bdd858718affe29e28d6145264a8518,5242937,src/S7_Csharp_Utility/bin/Debug/net8.0/Resources/logs/Socat_20250925_103049.log
af6b79067f229edffa423ace1fd98a672d52d114,5242885,src/S7_Csharp_Utility/bin/Debug/net8.0/Resources/logs/Socat_20250925_103110.log
6001de1127e53378715b7e5e17111b2c07a5d64f,5242955,src/S7_Csharp_Utility/bin/Debug/net8.0/Resources/logs/Socat_20250925_103131.log
d8240d58b5046a0d301b594e547453f7bf5edb01,5242948,src/S7_Csharp_Utility/bin/Debug/net8.0/Resources/logs/Socat_20250925_103152.log
5966332574d3ffbd0a391d7da42e46d91642b885,5242937,src/S7_Csharp_Utility/bin/Debug/net8.0/Resources/logs/Socat_20250925_103213.log
4c1e9164c55311fb330e5e9f17d70dc2bc736a32,5242885,src/S7_Csharp_Utility/bin/Debug/net8.0/Resources/logs/Socat_20250925_103234.log
74809b3de500793a776c0e13614d576766d1bfdf,5242908,src/S7_Csharp_Utility/bin/Debug/net8.0/Resources/logs/Socat_20250925_103255.log
ad2104b5cf85d1eb7fb8d696f8fb2086b9494abb,5242953,src/S7_Csharp_Utility/bin/Debug/net8.0/Resources/logs/Socat_20250925_103316.log
1a192861543f14d00d2782461b44ef335964deaf,5242937,src/S7_Csharp_Utility/bin/Debug/net8.0/Resources/logs/Socat_20250925_103337.log
6205a50452fd5ec5bb5592a29904f039f3301862,5242940,src/S7_Csharp_Utility/bin/Debug/net8.0/Resources/logs/Socat_20250925_103358.log
9421b8bcf894f41576343b61864e22b8c54a9e99,5242885,src/S7_Csharp_Utility/bin/Debug/net8.0/Resources/logs/Socat_20250925_103419.log
f1377888d6041a8a302e6f0f021a0a0feab5cddc,5242955,src/S7_Csharp_Utility/bin/Debug/net8.0/Resources/logs/Socat_20250925_103440.log
f0ab552709f903327585c04196700d0fb903be87,5242948,src/S7_Csharp_Utility/bin/Debug/net8.0/Resources/logs/Socat_20250925_103501.log
98753f502a19ef5c8c1491322965579e11b4c854,5242937,src/S7_Csharp_Utility/bin/Debug/net8.0/Resources/logs/Socat_20250925_103522.log
060b1659b2470a87961dd67644d424bd34f646c8,5242885,src/S7_Csharp_Utility/bin/Debug/net8.0/Resources/logs/Socat_20250925_103543.log
dc9dc5174636d8514a6252eefb76451d06e23eca,5242955,src/S7_Csharp_Utility/bin/Debug/net8.0/Resources/logs/Socat_20250925_103604.log
010505a4de52137be72d403fc78d875c6105737f,5242948,src/S7_Csharp_Utility/bin/Debug/net8.0/Resources/logs/Socat_20250925_103625.log
1ff07c5675d6074ff98fb0249d1c3a3c768c501f,5242937,src/S7_Csharp_Utility/bin/Debug/net8.0/Resources/logs/Socat_20250925_103647.log
67212cf1b0ff4eaad830d389c3411193b54a048c,5242885,src/S7_Csharp_Utility/bin/Debug/net8.0/Resources/logs/Socat_20250925_103708.log
1e150bebf0f71168bfbebc4294e92f58bf1ce7d5,5242955,src/S7_Csharp_Utility/bin/Debug/net8.0/Resources/logs/Socat_20250925_103729.log
5581eed6b996a9827fe5082f538c708933d68c6d,5242933,src/S7_Csharp_Utility/bin/Debug/net8.0/Resources/logs/Socat_20250925_103750.log
e54d32b7ee61f8849a7fbd257385abbf8e834860,5242948,src/S7_Csharp_Utility/bin/Debug/net8.0/Resources/logs/Socat_20250925_103811.log
dda08956d4a82e2a7b7d0f9e93a82be03808c539,5242933,src/S7_Csharp_Utility/bin/Debug/net8.0/Resources/logs/Socat_20250925_103832.log
850fe22a8a3128badaa12f5ba5750cf0445ccf64,5242930,src/S7_Csharp_Utility/bin/Debug/net8.0/Resources/logs/Socat_20250925_103853.log
5fcc5a128ff2b7b4bc51bad441f3b02fae4ccec3,5242916,src/S7_Csharp_Utility/bin/Debug/net8.0/Resources/logs/Socat_20250925_103914.log
c7d4013b69a1d7ddbf020bfdadafaf7b092d950d,5242909,src/S7_Csharp_Utility/bin/Debug/net8.0/Resources/logs/Socat_20250925_103935.log
66f4a0b7f8b948a3fd765ac21ef2ec6410224b50,5242918,src/S7_Csharp_Utility/bin/Debug/net8.0/Resources/logs/Socat_20250925_103956.log
03d1138f51cdf87fcfd6508239e7bff7d7ae40bb,5242882,src/S7_Csharp_Utility/bin/Debug/net8.0/Resources/logs/Socat_20250925_104017.log
ca47f30fe21298f9134817304504ae2ca2f35178,5242954,src/S7_Csharp_Utility/bin/Debug/net8.0/Resources/logs/Socat_20250925_104038.log
f4dd3f874d88e32e8374c21ee65b673ee0199c12,5242933,src/S7_Csharp_Utility/bin/Debug/net8.0/Resources/logs/Socat_20250925_104059.log
676a277f7a6f5712983c68d03317e6adcbcb7cd9,5242937,src/S7_Csharp_Utility/bin/Debug/net8.0/Resources/logs/Socat_20250925_104120.log
a7a66ff2f6ef64e8cf4ccd1b07e1d8e7075a80e8,5242885,src/S7_Csharp_Utility/bin/Debug/net8.0/Resources/logs/Socat_20250925_104141.log
b24f769628bdfa88c24b9b3ee708871f428ece7d,5242904,src/S7_Csharp_Utility/bin/Debug/net8.0/Resources/logs/Socat_20250925_104202.log
652d91aad83e0e63214c992b182e2c53d880c6a9,5242937,src/S7_Csharp_Utility/bin/Debug/net8.0/Resources/logs/Socat_20250925_104223.log
c772e4d8f130c60c4df52e54afe2c4c3258ac8de,5242929,src/S7_Csharp_Utility/bin/Debug/net8.0/Resources/logs/Socat_20250925_104244.log
2ce460b043939fffd7ec71c979797e0a373159f9,5242937,src/S7_Csharp_Utility/bin/Debug/net8.0/Resources/logs/Socat_20250925_104305.log
4063b0066d475c1a3617ef0608b33e1a83612818,5242885,src/S7_Csharp_Utility/bin/Debug/net8.0/Resources/logs/Socat_20250925_104326.log
a8a2bbea84a681e06d9e2357f78f18571d5680c4,5242955,src/S7_Csharp_Utility/bin/Debug/net8.0/Resources/logs/Socat_20250925_104348.log
fe0b5e0aa5e9160026191028f01e4e439d5cfae7,5242882,src/S7_Csharp_Utility/bin/Debug/net8.0/Resources/logs/Socat_20250925_104409.log
2c718ee218431c118cdc3d2e5ae163a109e5162a,4991450,src/S7_Csharp_Utility/bin/Debug/net8.0/Resources/logs/Socat_20250925_104430.log
6822c4c4e30dcd886cd58d4ebd39bd9a14e731d1,5242923,src/S7_Csharp_Utility/bin/Debug/net8.0/Resources/logs/Socat_20250925_122947.log
bf34d9d3eae82b9d60101cb33f2a0f21b6aa38c2,5242900,src/S7_Csharp_Utility/bin/Debug/net8.0/Resources/logs/Socat_20250925_123148.log
3b884f97c796c9665eea41dd6e9cb5492c41d113,5242927,src/S7_Csharp_Utility/bin/Debug/net8.0/Resources/logs/Socat_20250925_123209.log
ee5fbbfc76bb6129f16d3907c8ef73e583061fdf,5242944,src/S7_Csharp_Utility/bin/Debug/net8.0/Resources/logs/Socat_20250925_123231.log
89602543dce6d43eff249fe070770fd59b6ca0a9,5242935,src/S7_Csharp_Utility/bin/Debug/net8.0/Resources/logs/Socat_20250925_123252.log
0dae5f61a63989f172519cee5e9cceb2a6c1b81b,5242883,src/S7_Csharp_Utility/bin/Debug/net8.0/Resources/logs/Socat_20250925_123313.log
17c67ebb7dce2bdb052f6c2704164f4e731b1729,5242953,src/S7_Csharp_Utility/bin/Debug/net8.0/Resources/logs/Socat_20250925_123334.log
db40ae3159ca841497508a813df71c2494e40622,5242931,src/S7_Csharp_Utility/bin/Debug/net8.0/Resources/logs/Socat_20250925_123355.log
7b4484a8c3b1f04753a96e580164c4c07a5657da,5242944,src/S7_Csharp_Utility/bin/Debug/net8.0/Resources/logs/Socat_20250925_123417.log
06eb3c0662a6c8745a1f914738e06f17894d8086,5242935,src/S7_Csharp_Utility/bin/Debug/net8.0/Resources/logs/Socat_20250925_123438.log
980f3569c1d3cd1a0e4a29262ab77345ee9df77b,5242883,src/S7_Csharp_Utility/bin/Debug/net8.0/Resources/logs/Socat_20250925_123459.log
92abc75956d7832d23758086e51effb6b90b374e,5242953,src/S7_Csharp_Utility/bin/Debug/net8.0/Resources/logs/Socat_20250925_123520.log
8e00fff3deb5d2028ef14dc79ed8325f8e2322ad,5242944,src/S7_Csharp_Utility/bin/Debug/net8.0/Resources/logs/Socat_20250925_123541.log
01995496f836a61faec29e2ab5171f8526a190a5,5242887,src/S7_Csharp_Utility/bin/Debug/net8.0/Resources/logs/Socat_20250925_123603.log
b57611454f53a77e39b0ab961cf1a625418fa6bd,5242937,src/S7_Csharp_Utility/bin/Debug/net8.0/Resources/logs/Socat_20250925_123624.log
ddcfbd42e54757606a77e07e1567022a760b8a0a,5242885,src/S7_Csharp_Utility/bin/Debug/net8.0/Resources/logs/Socat_20250925_123645.log
60a89ff8b22bda025268dc67c1bda34baeca879e,5242955,src/S7_Csharp_Utility/bin/Debug/net8.0/Resources/logs/Socat_20250925_123706.log
ea84198bdf96cf64a18d65ac11e7655b20a1bc44,5242948,src/S7_Csharp_Utility/bin/Debug/net8.0/Resources/logs/Socat_20250925_123727.log
603a17ea08e7538399d776452737c0835d746b8a,5242937,src/S7_Csharp_Utility/bin/Debug/net8.0/Resources/logs/Socat_20250925_123748.log
182d0fce04672d82a4ed73c5f57b3f1461d77e76,917820,src/S7_Csharp_Utility/bin/Debug/net8.0/Resources/logs/Socat_20250925_123809.log
fdd38b84d3594c400af61590e440a101654e7051,5242893,src/S7_Csharp_Utility/bin/Debug/net8.0/Resources/logs/Socat_20250925_123845.log
e36cbbfcf7e409d30ad1bef0732cb40d4b660827,5242907,src/S7_Csharp_Utility/bin/Debug/net8.0/Resources/logs/Socat_20250925_124023.log
a9d07024994546e8cb53c4132d778120b5d1f416,5242893,src/S7_Csharp_Utility/bin/Debug/net8.0/Resources/logs/Socat_20250925_124044.log
365f1c1355f3b9664907f18fed5a19352c481e53,5242883,src/S7_Csharp_Utility/bin/Debug/net8.0/Resources/logs/Socat_20250925_124105.log
6a655120c2c60b77fe987c5ac71f9e2aebdeb53b,5242953,src/S7_Csharp_Utility/bin/Debug/net8.0/Resources/logs/Socat_20250925_124126.log
75f6f25dbc984a4b4be7a108ca49be634aed3a79,5242944,src/S7_Csharp_Utility/bin/Debug/net8.0/Resources/logs/Socat_20250925_124148.log
21a1d02decd80e1f8de4f3321f8d4514abf99e0e,5242935,src/S7_Csharp_Utility/bin/Debug/net8.0/Resources/logs/Socat_20250925_124209.log
e1ea89a32c8c81a060c808e7c1ebcd1d9945fc75,5242931,src/S7_Csharp_Utility/bin/Debug/net8.0/Resources/logs/Socat_20250925_124230.log
995148af5deaad320cac0a701704bb4aef654655,5242883,src/S7_Csharp_Utility/bin/Debug/net8.0/Resources/logs/Socat_20250925_124251.log
0ce83e6f80dfef444ba48b30ec114213d633f176,5242953,src/S7_Csharp_Utility/bin/Debug/net8.0/Resources/logs/Socat_20250925_124312.log
ac6bc8bc1f45158adcb3b35a1eeb05ad0d86c2ce,5242944,src/S7_Csharp_Utility/bin/Debug/net8.0/Resources/logs/Socat_20250925_124334.log
40570457f83d573cd41ace1c66870cf7e56abd32,5242935,src/S7_Csharp_Utility/bin/Debug/net8.0/Resources/logs/Socat_20250925_124355.log
1a6ab692f8edac2e876cc0592b08b0b696b03c5d,1276467,src/S7_Csharp_Utility/bin/Debug/net8.0/Resources/logs/Socat_20250925_124416.log
d036d86966d10cffc7ce5c19a4d81b054c15bb20,5242973,src/S7_Csharp_Utility/bin/Debug/net8.0/Resources/logs/Socat_20250925_130104.log
9cefa1a441e2640695c777bc9f2961a2cb417ee8,1313227,src/S7_Csharp_Utility/bin/Debug/net8.0/Resources/logs/Socat_20250925_130203.log
3ed99b0c46031c3454a9c03df1f621df8b663a09,5242959,src/S7_Csharp_Utility/bin/Debug/net8.0/Resources/logs/Socat_20250925_151811.log
984974b029e7c795e68ec25dc1de24fdcf99b3f2,5242911,src/S7_Csharp_Utility/bin/Debug/net8.0/Resources/logs/Socat_20250925_151922.log
a88830fb3c3fb8b0a85c188625c25b7e3dacb160,2674396,src/S7_Csharp_Utility/bin/Debug/net8.0/Resources/logs/Socat_20250925_152033.log
381c1025cabe1697dc3ce9fd8948ac975992a9b7,5242931,src/S7_Csharp_Utility/bin/Debug/net8.0/Resources/logs/Socat_20250925_184401.log
e4f3acd43e3c330ad74af1d3c7b8ef60c566bcd0,1338103,src/S7_Csharp_Utility/bin/Debug/net8.0/Resources/logs/Socat_20250925_184630.log
5ce0042bbd16348e69736a0b8b43464d8352ae83,1308,src/S7_Csharp_Utility/bin/Debug/net8.0/Resources/logs/exported_20250925_045745.txt
5ce0042bbd16348e69736a0b8b43464d8352ae83,1308,src/S7_Csharp_Utility/bin/Debug/net8.0/Resources/logs/exported_20250925_045748.txt
f5cb252554756c749c060b0172fd5791bca32ea0,4379,src/S7_Csharp_Utility/bin/Debug/net8.0/Resources/logs/exported_20250925_095252.txt
f5cb252554756c749c060b0172fd5791bca32ea0,4379,src/S7_Csharp_Utility/bin/Debug/net8.0/Resources/logs/exported_20250925_095253.txt
da39a3ee5e6b4b0d3255bfef95601890afd80709,0,src/S7_Csharp_Utility/bin/Debug/net8.0/Resources/logs/socat_exported_20250925_045749.txt
6a52137a7f1183c1249c90c606e5d953863c0c54,1257,src/S7_Csharp_Utility/bin/Debug/net8.0/config.json
ab8597f9c44c7bd8b7a463ad7f97f4ef7e7152f0,191,src/S7_Csharp_Utility/bin/Debug/net8.0/logs/PlcMain_20250924_051822.log
c6fdb65bcb5c091f7d6d4504ace528dcc7e6d2a4,1087,src/S7_Csharp_Utility/bin/Debug/net8.0/logs/PlcMain_20250925_044900.log
ed8e40a2085e2c1115079c1540e3fce3096dfeb5,1087,src/S7_Csharp_Utility/bin/Debug/net8.0/logs/PlcMain_20250925_095108.log
e747a5bd3a27382b5ccbfb62d7c38b521467cb89,1087,src/S7_Csharp_Utility/bin/Debug/net8.0/logs/PlcMain_20250925_122946.log
da99aaceab817dd32179104d296718a9a987c32e,1087,src/S7_Csharp_Utility/bin/Debug/net8.0/logs/PlcMain_20250925_123844.log
b8ba0e6539f83ce9478ca0c55e90186bbf1cca03,1087,src/S7_Csharp_Utility/bin/Debug/net8.0/logs/PlcMain_20250925_130103.log
4d70e76226e04cb3805569bfcb6674347df997ba,1087,src/S7_Csharp_Utility/bin/Debug/net8.0/logs/PlcMain_20250925_133316.log
8ed389935246caa39bb6ba36e24adc3d7d56716e,1087,src/S7_Csharp_Utility/bin/Debug/net8.0/logs/PlcMain_20250925_151810.log
be7bad5bae1279ccc088e9608de09955f938610f,1087,src/S7_Csharp_Utility/bin/Debug/net8.0/logs/PlcMain_20250925_185534.log
d4a3e96530b8cd0a5bd88569b79ede556bce2d5a,1087,src/S7_Csharp_Utility/bin/Debug/net8.0/logs/PlcMain_20250925_232603.log
ef8c101dbfde389fe61e37cfdb4fa173c5e2df07,1087,src/S7_Csharp_Utility/bin/Debug/net8.0/logs/PlcMain_20250925_234446.log
56e9c1e0ef142e86581391027e349599a49affa8,661,src/S7_Csharp_Utility/bin/Release/net8.0/Resources/Settings/Settings.json
3ce66e1ce04b83ec5a658584cef2dd71728fb6d4,929,src/S7_Csharp_Utility/bin/Release/net8.0/Resources/payloads/README.md
138c9d3184499b06002c89febc44490245eda03c,856,src/S7_Csharp_Utility/bin/Release/net8.0/Resources/payloads/dump_mem/dump_mem
1c64b2e8099494488d0aac0f082f9b4e532c65d5,512,src/S7_Csharp_Utility/bin/Release/net8.0/Resources/payloads/dump_mem/dump_mem.bin
53f2ab20970ee57956bc970ed9138fad5901b3ab,1466,src/S7_Csharp_Utility/bin/Release/net8.0/Resources/payloads/dump_mem/dump_mem.ihex
373d78d372bb945b5411c3e864f7623d36f682d7,944,src/S7_Csharp_Utility/bin/Release/net8.0/Resources/payloads/hello_loop/hello_loop
517332da58e35c92da958d0357064fe7a1f779ec,600,src/S7_Csharp_Utility/bin/Release/net8.0/Resources/payloads/hello_loop/hello_loop.bin
c0be1597e3c081582eee7c9e100748c87fa44671,1707,src/S7_Csharp_Utility/bin/Release/net8.0/Resources/payloads/hello_loop/hello_loop.ihex
06bb2126a292304eb47913caab88239fccad8887,68,src/S7_Csharp_Utility/bin/Release/net8.0/Resources/payloads/hello_world/hello_world.bin
95ac83c149679946e608aaf0f05236b73e1e81cf,292,src/S7_Csharp_Utility/bin/Release/net8.0/Resources/payloads/stager/stager.bin
d73fc73fe57939aecdabdaf5a6eace5c0630fa42,2628,src/S7_Csharp_Utility/bin/Release/net8.0/Resources/payloads/tic_tac_toe/tic_tac_toe
e79de0e1d5c7bf9118452e766a7b734b78cc3d8a,2284,src/S7_Csharp_Utility/bin/Release/net8.0/Resources/payloads/tic_tac_toe/tic_tac_toe.bin
ee7b76e48f3d311d49f462a4cfc4aed342a785f9,6453,src/S7_Csharp_Utility/bin/Release/net8.0/Resources/payloads/tic_tac_toe/tic_tac_toe.ihex
ab429d1c3a6e55a089d5828668516961faf5930c,75320,src/S7_Csharp_Utility/bin/Release/net8.0/S7_CS_Utility
3dd1c89faa373e7336bbe5dfe1e31c2af9deea5a,9420,src/S7_Csharp_Utility/bin/Release/net8.0/runtimes/android-arm/native/libSystem.IO.Ports.Native.so
4d057f83c58fa1c4642f448d1c58edaf200c3c23,13584,src/S7_Csharp_Utility/bin/Release/net8.0/runtimes/android-arm64/native/libSystem.IO.Ports.Native.so
2d82d2fa5fabeadefc641e587336263598819641,14672,src/S7_Csharp_Utility/bin/Release/net8.0/runtimes/android-x64/native/libSystem.IO.Ports.Native.so
d4a8dc167b87a9698bb7d3595aee3422f72c29f0,12632,src/S7_Csharp_Utility/bin/Release/net8.0/runtimes/android-x86/native/libSystem.IO.Ports.Native.so
75df3893003e468e6719cba1fa751a7f66472e34,1535696,src/S7_Csharp_Utility/bin/Release/net8.0/runtimes/linux-arm/native/libHarfBuzzSharp.so
78af37b681b6782e31b519e109266afadba0b765,5536764,src/S7_Csharp_Utility/bin/Release/net8.0/runtimes/linux-arm/native/libSkiaSharp.so
ee23068940557a57c87562dd52422599d857283e,9744,src/S7_Csharp_Utility/bin/Release/net8.0/runtimes/linux-arm/native/libSystem.IO.Ports.Native.so
90fb5d1d377b28cc8d3c62d72e326a219b23635a,2221048,src/S7_Csharp_Utility/bin/Release/net8.0/runtimes/linux-arm64/native/libHarfBuzzSharp.so
17e270b4a486f8b9469d9be133ca56a71c42e2a1,8056736,src/S7_Csharp_Utility/bin/Release/net8.0/runtimes/linux-arm64/native/libSkiaSharp.so
cf7e31c4ded9ddf8f12a978f753ce7b62bf69eea,14744,src/S7_Csharp_Utility/bin/Release/net8.0/runtimes/linux-arm64/native/libSystem.IO.Ports.Native.so
7ec6882f5205d490ade5353902842ef3d97c6d7a,13584,src/S7_Csharp_Utility/bin/Release/net8.0/runtimes/linux-bionic-arm64/native/libSystem.IO.Ports.Native.so
1863583a2d74a838b14f09bb4fb51487d073068c,14672,src/S7_Csharp_Utility/bin/Release/net8.0/runtimes/linux-bionic-x64/native/libSystem.IO.Ports.Native.so
210b83ee31e9686468fcc97594cf3d89865df415,2364304,src/S7_Csharp_Utility/bin/Release/net8.0/runtimes/linux-loongarch64/native/libHarfBuzzSharp.so
3851f5ea64bbae15947c2cb0c857ffb384683afc,1512704,src/S7_Csharp_Utility/bin/Release/net8.0/runtimes/linux-musl-arm/native/libHarfBuzzSharp.so
69f79d763bad30bfcca6983cbca50cf46bf31ebd,9540,src/S7_Csharp_Utility/bin/Release/net8.0/runtimes/linux-musl-arm/native/libSystem.IO.Ports.Native.so
2e69104cf3044dc74d3f79b1edb65572422fee29,2261872,src/S7_Csharp_Utility/bin/Release/net8.0/runtimes/linux-musl-arm64/native/libHarfBuzzSharp.so
8b563bd6880d9f8c6d008e67d3decc86e4826d26,14456,src/S7_Csharp_Utility/bin/Release/net8.0/runtimes/linux-musl-arm64/native/libSystem.IO.Ports.Native.so
91e802ffac3bb6bc6d0fb56e28e967eb593b984b,2382016,src/S7_Csharp_Utility/bin/Release/net8.0/runtimes/linux-musl-loongarch64/native/libHarfBuzzSharp.so
b54fa7f2216353c116f5978575ccb92e894bba81,1952344,src/S7_Csharp_Utility/bin/Release/net8.0/runtimes/linux-musl-riscv64/native/libHarfBuzzSharp.so
6ef284224f87ac850f3317242f552285823efb02,2366848,src/S7_Csharp_Utility/bin/Release/net8.0/runtimes/linux-musl-x64/native/libHarfBuzzSharp.so
69c1e22cabb599f29e7485a9c6f32c40f9559e38,11256416,src/S7_Csharp_Utility/bin/Release/net8.0/runtimes/linux-musl-x64/native/libSkiaSharp.so
7a7c77d78bc298634193e7e97b259483215489c9,14896,src/S7_Csharp_Utility/bin/Release/net8.0/runtimes/linux-musl-x64/native/libSystem.IO.Ports.Native.so
3e68f475f8c7017075325c9cb7bf97f085217fe1,1980384,src/S7_Csharp_Utility/bin/Release/net8.0/runtimes/linux-riscv64/native/libHarfBuzzSharp.so
96d5e11f897fee14dc59d7e49b40bd10d16a8cf8,2471408,src/S7_Csharp_Utility/bin/Release/net8.0/runtimes/linux-x64/native/libHarfBuzzSharp.so
a51f2332177a62356ef47695bfb5aa75bb6da69b,9244960,src/S7_Csharp_Utility/bin/Release/net8.0/runtimes/linux-x64/native/libSkiaSharp.so
ed8683536a734ff2a65101ce27813241e0e8ce36,15272,src/S7_Csharp_Utility/bin/Release/net8.0/runtimes/linux-x64/native/libSystem.IO.Ports.Native.so
872ffedc2b5b281aac6f063acb618310ef2d142d,2419944,src/S7_Csharp_Utility/bin/Release/net8.0/runtimes/linux-x86/native/libHarfBuzzSharp.so
6817925f3aee5b9c2bd6d4272e3c620e511db756,68928,src/S7_Csharp_Utility/bin/Release/net8.0/runtimes/maccatalyst-arm64/native/libSystem.IO.Ports.Native.dylib
a468fd3afc97d5e9c473d8a354cc9bdf9317422b,68232,src/S7_Csharp_Utility/bin/Release/net8.0/runtimes/maccatalyst-x64/native/libSystem.IO.Ports.Native.dylib
621c46ae958c3b0b9e1e90ca10e8c91a101b2aa5,70496,src/S7_Csharp_Utility/bin/Release/net8.0/runtimes/osx-arm64/native/libSystem.IO.Ports.Native.dylib
929d2cb3a14c4214384e1dbbd90753d8f99fc05c,70496,src/S7_Csharp_Utility/bin/Release/net8.0/runtimes/osx-x64/native/libSystem.IO.Ports.Native.dylib
4fb70427cd13d92b68c38b967ee416388bcf9f00,1648992,src/S7_Csharp_Utility/bin/Release/net8.0/runtimes/osx/native/libAvaloniaNative.dylib
24dceedd07469af14189a87d48076111e71753da,2922800,src/S7_Csharp_Utility/bin/Release/net8.0/runtimes/osx/native/libHarfBuzzSharp.dylib
7e6b7cdd9a66d16ea30967fe46887d5543b1ba2c,15116016,src/S7_Csharp_Utility/bin/Release/net8.0/runtimes/osx/native/libSkiaSharp.dylib
1cd177324e7ed5b9d3c7db1e06921f73603eda28,6442,src/SiemensS7-Bootloader.sln
